Time,ACCx,ACCy,ACCz,GYRx,GYRy,GYRz,MAGx,MAGy,MAGz,Motor_Speed,
219.943,-0.067,0.011,-0.041,0.061,0.395,2.146,-68.267,414.383,-655.432,,
219.948,-0.11,0.001,-0.051,-0.053,0.325,1.244,-68.267,414.383,-655.432,,
219.953,-0.11,0.001,-0.051,-0.132,0.5,9.198,-68.267,414.383,-655.432,,
219.957,-0.102,0.009,-0.056,-0.132,0.5,9.198,-68.267,414.383,-655.432,,
219.962,-0.102,0.009,-0.056,-0.132,0.5,9.198,-126.657,392.753,-583.308,,
219.966,-0.087,0.013,-0.041,-0.263,0.605,17.292,-126.657,392.753,-583.308,,
219.971,-0.087,0.013,-0.041,-0.263,0.605,17.292,-126.657,392.753,-583.308,,
219.975,-0.087,0.013,-0.041,-0.569,0.491,23.793,-126.657,392.753,-583.308,,
219.98,-0.089,0.01,-0.031,-0.569,0.491,23.793,-126.657,392.753,-583.308,,
219.985,-0.089,0.01,-0.031,-0.569,0.491,28.518,-159.153,400.139,-536.343,,
219.989,-0.076,0.01,-0.042,-1.033,0.263,28.518,-159.153,400.139,-536.343,,
219.994,-0.076,0.01,-0.042,-1.033,0.263,28.518,-159.153,400.139,-536.343,,
219.998,-0.088,0.004,-0.048,-0.666,0.132,32.412,-159.153,400.139,-536.343,,
220.003,-0.088,0.004,-0.048,-0.666,0.132,32.412,-152.044,402.249,-497.345,,
220.008,-0.088,0.01,-0.051,-0.692,0.158,35.361,-152.044,402.249,-497.345,,
220.012,-0.083,0.01,-0.051,-0.692,0.158,35.361,-152.044,402.249,-497.345,,
220.017,-0.083,0.01,-0.051,-0.692,0.158,35.361,-152.044,402.249,-497.345,,
220.021,-0.083,0.022,-0.034,-1.024,0.325,37.671,-152.044,402.249,-497.345,,
220.026,-0.083,0.022,-0.034,-1.024,0.325,37.671,-169.815,398.028,-436.962,,
220.03,-0.069,0.018,-0.056,-0.876,0.132,39.307,-169.815,398.028,-436.962,,
220.035,-0.069,0.018,-0.056,-0.876,0.132,39.307,-169.815,398.028,-436.962,,
220.04,-0.082,0.004,-0.038,-0.876,-0.165,40.523,-169.815,398.028,-436.962,,
220.044,-0.082,0.004,-0.038,-1.182,-0.165,40.523,-177.939,416.493,-395.868,,
220.049,-0.064,0.013,-0.038,-1.182,-0.165,40.523,-177.939,416.493,-395.868,,
220.054,-0.064,0.013,-0.038,-1.191,0.141,41.538,-177.939,416.493,-395.868,,
220.058,-0.064,0.013,-0.047,-1.191,0.141,41.538,-177.939,416.493,-395.868,,
220.063,-0.071,0.016,-0.047,-1.602,0.325,42.501,-177.939,416.493,-288.52,,
220.067,-0.071,0.016,-0.047,-1.602,0.325,42.501,-155.091,424.407,-337.581,,
220.072,-0.073,0.013,-0.05,-1.602,0.325,42.719,-155.091,424.407,-337.581,,
220.076,-0.073,0.013,-0.05,-1.077,0.535,42.719,-155.091,424.407,-337.581,,
220.081,-0.075,0.004,-0.046,-1.077,0.535,42.719,-155.091,424.407,-337.581,,
220.086,-0.075,0.004,-0.046,-0.849,0.342,43.349,-138.843,434.431,-299.842,,
220.09,-0.086,0.004,-0.063,-0.849,0.342,43.349,-138.843,434.431,-299.842,,
220.095,-0.086,0.004,-0.063,-0.911,0.15,43.962,-138.843,434.431,-299.842,,
220.099,-0.086,0.004,-0.052,-0.911,0.15,43.962,-138.843,434.431,-299.842,,
220.104,-0.075,0.007,-0.052,-0.911,0.15,43.962,-138.843,434.431,-299.842,,
220.108,-0.075,0.007,-0.052,-0.744,-0.069,44.172,-110.409,442.344,-278.875,,
220.113,-0.068,0.008,-0.048,-0.744,-0.069,44.172,-110.409,442.344,-278.875,,
220.117,-0.068,0.008,-0.048,-0.683,-0.104,44.478,-110.409,442.344,-278.875,,
220.122,-0.068,0.02,-0.044,-0.683,-0.104,44.478,-110.409,442.344,-278.875,,
220.127,-0.068,0.02,-0.044,-0.683,-0.104,44.697,-86.545,449.202,-240.717,,
220.131,-0.068,0.02,-0.058,-0.981,0.307,44.697,-86.545,449.202,-240.717,,
220.136,-0.07,0.02,-0.058,-0.981,0.307,44.697,-86.545,449.202,-240.717,,
220.14,-0.07,0.02,-0.035,-0.744,0.255,45.222,-86.545,449.202,-240.717,,
220.146,-0.07,-0.001,-0.035,-0.744,0.255,45.222,-86.545,449.202,-224.363,,
220.15,-0.07,-0.001,-0.035,-0.797,0.263,45.37,-55.065,453.423,-224.363,,
220.155,-0.072,0.018,-0.048,-0.797,0.263,45.37,-55.065,453.423,-224.363,,
220.159,-0.072,0.018,-0.048,-0.797,0.263,45.519,-55.065,453.423,-224.363,,
220.164,-0.093,0.01,-0.035,-0.543,0.438,45.519,-55.065,453.423,-224.363,,
220.168,-0.093,0.01,-0.035,-0.543,0.438,45.519,-43.387,444.982,-215.557,,
220.173,-0.059,0.01,-0.045,-0.639,0.342,45.37,-43.387,444.982,-215.557,,
220.178,-0.059,0.01,-0.045,-0.639,0.342,45.37,-43.387,444.982,-215.557,,
220.182,-0.059,0.015,-0.066,-0.639,0.255,45.379,-43.387,444.982,-215.557,,
220.187,-0.069,0.015,-0.066,-0.639,0.255,45.379,-43.387,448.675,-195.848,,
220.192,-0.069,0.015,-0.066,-0.639,0.255,45.379,-36.279,448.675,-195.848,,
220.197,-0.072,0.025,-0.034,-1.042,0.473,45.266,-36.279,448.675,-195.848,,
220.201,-0.072,0.025,-0.034,-1.042,0.473,45.266,-36.279,448.675,-195.848,,
220.206,-0.097,0.014,-0.043,-0.762,-0.165,45.642,-36.279,448.675,-195.848,,
220.21,-0.097,0.014,-0.043,-0.762,-0.165,45.642,-28.155,443.399,-173.624,,
220.215,-0.069,-0.004,-0.043,-1.033,-0.095,45.904,-28.155,443.399,-173.624,,
220.219,-0.069,-0.004,-0.043,-1.033,-0.095,45.904,-28.155,443.399,-173.624,,
220.224,-0.062,0.018,-0.059,-1.033,-0.095,45.904,-28.155,443.399,-173.624,,
220.229,-0.062,0.018,-0.059,-0.937,0.333,45.476,-40.848,428.627,-147.626,,
220.233,-0.062,0.018,-0.048,-0.937,0.333,45.476,-40.848,428.627,-147.626,,
220.238,-0.083,0.012,-0.048,-0.823,0.456,45.458,-40.848,428.627,-147.626,,
220.242,-0.083,0.012,-0.048,-0.823,0.456,45.458,-40.848,428.627,-147.626,,
220.246,-0.067,0.013,-0.037,-0.823,0.456,45.581,-40.848,428.627,-147.626,,
220.251,-0.067,0.013,-0.037,-0.534,-0.069,45.581,-74.36,425.989,-117.853,,
220.255,-0.064,0.022,-0.042,-0.534,-0.069,45.581,-74.36,425.989,-117.853,,
220.26,-0.064,0.022,-0.042,-0.631,0.018,45.668,-74.36,425.989,-117.853,,
220.264,-0.064,0.022,-0.043,-0.631,0.018,45.668,-74.36,425.989,-117.853,,
220.269,-0.07,0.008,-0.043,-0.613,0.053,46.175,-74.36,425.989,-107.79,,
220.274,-0.07,0.008,-0.043,-0.613,0.053,46.175,-102.286,398.028,-107.79,,
220.278,-0.074,0.023,-0.049,-0.613,0.053,46.175,-102.286,398.028,-107.79,,
220.283,-0.074,0.023,-0.049,-0.674,0.062,46.167,-102.286,398.028,-107.79,,
220.288,-0.076,0.029,-0.042,-0.674,0.062,46.167,-102.286,398.028,-107.79,,
220.292,-0.076,0.029,-0.042,-0.517,0.15,46.184,-152.552,369.012,-106.532,,
220.297,-0.084,0.009,-0.053,-0.517,0.15,46.184,-152.552,369.012,-106.532,,
220.302,-0.084,0.009,-0.053,-0.517,0.141,45.931,-152.552,369.012,-106.532,,
220.306,-0.084,0.004,-0.039,-0.254,0.141,45.931,-152.552,369.012,-106.532,,
220.31,-0.067,0.004,-0.039,-0.254,0.141,45.931,-152.552,369.012,-104.854,,
220.315,-0.067,0.004,-0.039,-0.692,0.141,45.861,-173.37,341.051,-104.854,,
220.32,-0.067,0.005,-0.057,-0.692,0.141,45.861,-173.37,341.051,-104.854,,
220.324,-0.067,0.005,-0.057,-0.928,0.097,45.677,-173.37,341.051,-104.854,,
220.329,-0.076,0.009,-0.052,-0.928,0.097,45.677,-173.37,341.051,-104.854,,
220.334,-0.076,0.009,-0.052,-0.928,0.097,47.917,-192.664,289.877,-120.369,,
220.338,-0.072,0.018,-0.052,-0.744,-0.078,46.018,-192.664,289.877,-120.369,,
220.343,-0.072,0.018,-0.052,-0.744,-0.078,46.018,-192.664,289.877,-120.369,,
220.347,-0.072,0.01,-0.048,-0.666,0.386,45.773,-192.664,289.877,-120.369,,
220.352,-0.085,0.01,-0.048,-0.666,0.386,45.773,-192.664,245.561,-158.528,,
220.356,-0.085,0.01,-0.048,-0.666,0.438,45.406,-230.237,245.561,-158.528,,
220.361,-0.067,0.013,-0.038,-0.543,0.438,45.406,-230.237,245.561,-158.528,,
220.366,-0.067,0.013,-0.038,-0.543,0.438,45.406,-230.237,245.561,-158.528,,
220.37,-0.07,0.003,-0.056,-0.569,0.298,45.659,-230.237,245.561,-158.528,,
220.375,-0.07,0.003,-0.056,-0.569,0.298,45.659,-287.104,194.915,-189.139,,
220.38,-0.064,0.018,-0.051,-0.613,0.613,46.141,-287.104,194.915,-189.139,,
220.384,-0.064,0.018,-0.051,-0.613,0.613,46.141,-287.104,194.915,-189.139,,
220.388,-0.064,0.017,-0.057,-0.613,0.613,45.957,-287.104,194.915,-189.139,,
220.393,-0.075,0.017,-0.057,-0.727,0.876,45.957,-287.104,146.906,-250.78,,
220.398,-0.075,0.017,-0.057,-0.727,0.876,45.957,-376.975,146.906,-250.78,,
220.402,-0.089,0.012,-0.035,-0.561,0.438,45.992,-376.975,146.906,-250.78,,
220.407,-0.089,0.012,-0.035,-0.561,0.438,45.992,-376.975,146.906,-250.78,,
220.411,-0.064,0.012,-0.042,-0.394,0.15,46.228,-376.975,146.906,-250.78,,
220.416,-0.064,0.012,-0.042,-0.394,0.15,46.228,-461.768,127.386,-288.52,,
220.421,-0.075,0.013,-0.044,-0.394,0.15,46.228,-461.768,127.386,-288.52,,
220.425,-0.075,0.013,-0.044,-0.456,0.325,46.001,-461.768,127.386,-288.52,,
220.43,-0.069,0.003,-0.05,-0.456,0.325,46.001,-461.768,127.386,-288.52,,
220.434,-0.069,0.003,-0.05,-0.324,0.255,45.598,-502.388,113.142,-335.904,,
220.439,-0.069,0.003,-0.05,-0.324,0.255,45.598,-502.388,113.142,-335.904,,
220.444,-0.077,0.021,-0.049,-0.324,0.237,45.878,-502.388,113.142,-335.904,,
220.448,-0.077,0.021,-0.049,-0.683,0.237,45.878,-502.388,113.142,-335.904,,
220.453,-0.066,0.002,-0.043,-0.683,0.237,45.878,-502.388,113.142,-335.904,,
220.457,-0.066,0.002,-0.043,-0.613,0.307,46.071,-508.481,126.858,-376.579,,
220.462,-0.063,0.005,-0.053,-0.613,0.307,46.071,-508.481,126.858,-376.579,,
220.467,-0.063,0.005,-0.053,-0.342,0.307,45.817,-508.481,126.858,-376.579,,
220.471,-0.072,0.001,-0.042,-0.342,0.307,45.817,-508.481,126.858,-376.579,,
220.476,-0.072,0.001,-0.042,-0.342,0.307,46.044,-490.71,159.04,-410.544,,
220.48,-0.072,0.001,-0.068,-0.666,0.115,46.044,-490.71,159.04,-410.544,,
220.485,-0.07,0.026,-0.068,-0.666,0.115,46.044,-490.71,159.04,-410.544,,
220.49,-0.07,0.026,-0.068,-0.666,0.473,46.036,-490.71,159.04,-410.544,,
220.494,-0.087,0.01,-0.034,-0.666,0.473,46.036,-490.71,159.04,-410.544,,
220.499,-0.087,0.01,-0.034,-0.421,0.727,45.957,-463.799,181.198,-444.51,,
220.503,-0.074,0.004,-0.048,-0.421,0.727,45.957,-463.799,181.198,-444.51,,
220.508,-0.074,0.004,-0.048,-0.421,0.727,45.957,-463.799,181.198,-444.51,,
220.513,-0.081,0.012,-0.039,-0.499,0.185,45.843,-463.799,181.198,-444.51,,
220.517,-0.081,0.012,-0.039,-0.499,0.185,45.843,-421.656,186.474,-462.122,,
220.522,-0.081,0.012,-0.041,-0.832,0.29,45.843,-421.656,186.474,-462.122,,
220.526,-0.062,0.017,-0.041,-0.832,0.29,45.843,-421.656,186.474,-462.122,,
220.531,-0.062,0.017,-0.041,-0.832,0.272,46.193,-421.656,186.474,-462.122,,
220.535,-0.082,0.021,-0.046,-0.928,0.272,46.193,-421.656,186.474,-462.122,,
220.54,-0.082,0.021,-0.046,-0.928,0.272,46.193,-334.325,164.843,-447.865,,
220.545,-0.07,0.012,-0.031,-0.814,0.412,46.412,-334.325,164.843,-447.865,,
220.549,-0.07,0.012,-0.031,-0.814,0.412,46.412,-334.325,164.843,-447.865,,
220.554,-0.07,0.011,-0.05,-0.578,0.395,46.167,-334.325,164.843,-447.865,,
220.559,-0.07,0.011,-0.05,-0.578,0.395,46.167,-235.314,132.662,-443.252,,
220.563,-0.07,-0.176,-0.061,-0.578,0.395,45.572,-235.314,132.662,-443.252,,
220.568,-0.061,-0.007,-0.061,-0.613,0.71,45.572,-235.314,132.662,-443.252,,
220.572,-0.061,-0.007,-0.061,-0.613,0.71,45.572,-235.314,132.662,-443.252,,
220.577,-0.064,0.016,-0.051,-0.543,0.806,45.686,-235.314,132.662,-443.252,,
220.581,-0.064,0.016,-0.051,-0.543,0.806,45.686,-139.859,108.921,-424.802,,
220.586,-0.078,0.017,-0.069,-0.202,0.701,46.009,-139.859,108.921,-424.802,,
220.591,-0.078,0.017,-0.069,-0.202,0.701,46.009,-139.859,108.921,-424.802,,
220.595,-0.083,0.006,-0.042,-0.202,0.701,46.009,-139.859,108.921,-424.802,,
220.6,-0.083,0.006,-0.042,-0.744,0.246,45.756,-54.558,91.511,-393.352,,
220.604,-0.083,0.006,-0.054,-0.744,0.246,45.756,-54.558,91.511,-393.352,,
220.609,-0.08,0.014,-0.054,-0.561,0.071,45.983,-54.558,91.511,-393.352,,
220.614,-0.08,0.014,-0.054,-0.561,0.071,45.983,-54.558,91.511,-393.352,,
220.618,-0.064,0.012,-0.045,-0.561,0.718,45.992,-54.558,91.511,-393.352,,
220.623,-0.064,0.012,-0.045,-0.368,0.718,45.992,7.895,121.583,-374.902,,
220.627,-0.064,0.017,-0.056,-0.368,0.718,45.992,7.895,121.583,-374.902,,
220.632,-0.064,0.017,-0.056,-0.701,0.43,45.852,7.895,121.583,-374.902,,
220.636,-0.075,0.01,-0.04,-0.701,0.43,45.852,7.895,121.583,-374.902,,
220.641,-0.075,0.01,-0.04,-0.797,0.045,46.167,91.165,192.804,-351,,
220.646,-0.075,0.01,-0.045,-0.797,0.045,46.167,91.165,192.804,-351,,
220.65,-0.057,0.006,-0.045,-0.797,0.045,43.927,91.165,192.804,-351,,
220.655,-0.057,0.006,-0.045,-0.709,-0.165,45.738,91.165,192.804,-351,,
220.66,-0.063,0.005,-0.046,-0.709,-0.165,45.738,91.165,192.804,-351,,
220.664,-0.063,0.005,-0.046,-0.683,0.263,45.983,180.528,228.151,-344.71,,
220.668,-0.071,0.015,-0.048,-0.683,0.263,45.983,180.528,228.151,-344.71,,
220.673,-0.071,0.015,-0.048,-0.683,0.141,46.053,180.528,228.151,-344.71,,
220.678,-0.067,0.008,-0.056,-0.578,0.141,46.053,180.528,228.151,-344.71,,
220.682,-0.067,0.008,-0.056,-0.578,0.141,46.053,210.485,203.356,-334.227,,
220.687,-0.067,0.026,-0.037,-0.893,0.298,46.123,210.485,203.356,-334.227,,
220.692,-0.089,0.026,-0.037,-0.893,0.298,46.123,210.485,203.356,-334.227,,
220.696,-0.089,0.026,-0.037,-1.191,0.587,45.948,210.485,203.356,-334.227,,
220.701,-0.091,0.01,-0.038,-1.191,0.587,45.948,210.485,203.356,-334.227,,
220.705,-0.091,0.01,-0.038,-1.191,0.701,45.887,107.921,149.544,-317.873,,
220.71,-0.053,0.002,-0.045,-0.736,0.701,45.887,107.921,149.544,-317.873,,
220.714,-0.053,0.002,-0.045,-0.736,0.701,45.887,107.921,149.544,-317.873,,
220.719,-0.063,0.014,-0.051,-0.499,0.526,45.738,107.921,149.544,-317.873,,
220.724,-0.063,0.014,-0.051,-0.499,0.526,45.738,-49.48,125.276,-278.037,,
220.728,-0.063,0.001,-0.04,-0.657,0.543,45.362,-49.48,125.276,-278.037,,
220.733,-0.071,0.001,-0.04,-0.657,0.543,45.362,-49.48,125.276,-278.037,,
220.738,-0.071,0.001,-0.04,-0.657,0.543,45.362,-49.48,125.276,-278.037,,
220.742,-0.068,0.018,-0.044,-0.788,0.43,45.782,-49.48,125.276,-278.037,,
220.747,-0.068,0.018,-0.044,-0.788,0.43,45.782,-187.079,135.827,-121.208,,
220.751,-0.079,0.005,-0.037,-1.094,0.675,45.668,-187.079,135.827,-121.208,,
220.756,-0.079,0.005,-0.037,-1.094,0.675,45.668,-187.079,135.827,-121.208,,
220.76,-0.059,0.017,-0.036,1.146,0.648,45.449,-187.079,135.827,-121.208,,
220.765,-0.059,0.017,-0.036,-0.867,0.648,45.449,-259.686,208.631,32.266,,
220.77,-0.059,0.018,-0.041,-0.867,0.648,45.449,-259.686,208.631,32.266,,
220.774,-0.083,0.018,-0.041,-1.077,0.605,45.563,-259.686,208.631,32.266,,
220.779,-0.083,0.018,-0.041,-1.077,0.605,45.563,-259.686,208.631,32.266,,
220.783,-0.078,0.02,-0.052,-0.893,0.395,45.992,-259.686,208.631,32.266,,
220.788,-0.078,0.02,-0.052,-0.893,0.395,45.992,-281.519,324.169,-79.275,,
220.793,-0.09,0.015,-0.046,-0.893,0.395,46.237,-281.519,324.169,-79.275,,
220.797,-0.09,0.015,-0.046,-0.823,0.325,46.237,-281.519,324.169,-79.275,,
220.802,-0.067,0.009,-0.04,-0.823,0.325,46.237,-281.519,324.169,-79.275,,
220.806,-0.067,0.009,-0.04,-0.534,0.605,46.009,-186.063,333.665,-360.644,,
220.811,-0.067,0.002,-0.067,-0.534,0.605,46.009,-186.063,333.665,-360.644,,
220.815,-0.057,0.002,-0.067,-0.797,0.447,46.298,-186.063,333.665,-360.644,,
220.82,-0.057,0.002,-0.067,-0.797,0.447,46.298,-186.063,333.665,-360.644,,
220.825,-0.078,0.01,-0.057,-0.797,0.447,46.298,-186.063,333.665,-360.644,,
220.829,-0.078,0.01,-0.057,-0.578,0.115,46.001,-125.642,221.821,-531.311,,
220.834,-0.072,0.01,-0.061,-0.578,0.115,46.001,-125.642,221.821,-531.311,,
220.838,-0.072,0.01,-0.061,-0.587,0.255,46.027,-125.642,221.821,-531.311,,
220.843,-0.078,0.015,-0.039,-0.587,0.255,46.027,-125.642,221.821,-531.311,,
220.847,-0.078,0.015,-0.039,-0.587,0.255,45.887,-98.731,100.48,-547.665,,
220.852,-0.078,0.011,-0.036,-0.893,0.036,45.887,-98.731,100.48,-547.665,,
220.857,-0.067,0.011,-0.036,-0.893,0.036,45.887,-98.731,100.48,-547.665,,
220.861,-0.067,0.011,-0.036,-1.033,0.403,45.869,-98.731,100.48,-547.665,,
220.866,-0.067,0.02,-0.05,-1.033,0.403,45.869,-98.731,100.48,-547.665,,
220.871,-0.067,0.02,-0.05,-0.429,0.596,45.747,-47.957,-1.868,-540.536,,
220.875,-0.075,0.022,-0.023,-0.429,0.596,45.747,-47.957,-1.868,-540.536,,
220.88,-0.075,0.022,-0.023,-0.429,0.596,45.607,-47.957,-1.868,-540.536,,
220.885,-0.087,0.012,-0.04,-0.202,0.753,45.607,-47.957,-1.868,-540.536,,
220.889,-0.087,0.012,-0.04,-0.202,0.753,45.607,-4.291,-80.476,-547.665,,
220.894,-0.061,0.002,-0.056,-0.368,0.22,45.712,-4.291,-80.476,-547.665,,
220.899,-0.061,0.002,-0.056,-0.368,0.22,45.712,-4.291,-80.476,-547.665,,
220.903,-0.061,0.002,-0.048,-0.771,0.185,45.957,-4.291,-80.476,-547.665,,
220.908,-0.061,0.002,-0.048,-0.771,0.185,45.957,-4.291,-190.738,-460.025,,
220.912,-0.061,0.002,-0.048,-0.771,0.185,45.834,51.561,-190.738,-460.025,,
220.917,-0.061,-0.003,-0.054,-0.823,0.403,45.834,51.561,-190.738,-460.025,,
220.922,-0.061,-0.003,-0.054,-0.823,0.403,45.834,51.561,-190.738,-460.025,,
220.927,-0.063,0.024,-0.056,-0.456,0.543,45.712,51.561,-190.738,-460.025,,
220.931,-0.063,0.024,-0.056,-0.456,0.543,45.712,95.735,-241.384,-257.49,0.137,-0.137
220.936,-0.085,0.002,-0.045,-0.613,0.657,46.114,95.735,-241.384,-257.49,0.275,-0.275
220.94,-0.085,0.002,-0.045,-0.613,0.657,46.114,95.735,-241.384,-257.49,0.414,-0.414
220.945,-0.085,0.035,-0.043,-0.613,0.657,43.874,95.735,-241.384,-257.49,0.545,-0.545
220.95,-0.026,0.035,-0.043,-0.683,0.43,44.408,123.153,-244.022,-39.439,0.679,-0.679
220.955,-0.026,0.035,-0.06,-0.683,0.43,44.408,123.153,-244.022,-39.439,0.812,-0.812
220.959,-0.03,0.01,-0.06,-0.587,0.456,35.579,123.153,-244.022,-39.439,0.919,-0.919
220.964,-0.03,0.01,-0.06,-0.587,0.456,35.579,123.153,-244.022,-39.439,1,-1
220.969,-0.029,0.034,-0.025,-0.009,0.587,23.907,123.153,-244.022,-39.439,1,-1
220.973,-0.029,0.034,-0.025,-0.009,0.587,23.907,174.435,-180.186,-59.148,1,-1
220.978,-0.018,0.03,-0.047,-0.009,0.587,10.467,174.435,-180.186,-59.148,1,-1
220.983,-0.018,0.03,-0.047,0.437,0.351,10.913,174.435,-180.186,-59.148,1,-1
220.987,-0.029,0.018,-0.034,0.437,0.351,10.913,174.435,-180.186,-59.148,1,-1
220.992,-0.029,0.018,-0.034,0.726,0.745,-2.501,149.556,-88.389,-491.475,1,-1
220.996,-0.029,0.019,-0.051,0.726,0.745,-2.501,149.556,-88.389,-491.475,1,-1
221.001,-0.044,0.019,-0.051,1.119,0.718,-13.027,149.556,-88.389,-491.475,1,-1
221.006,-0.044,0.019,-0.051,1.119,0.718,-13.027,149.556,-88.389,-491.475,1,-1
221.01,-0.053,0.015,-0.053,1.119,0.718,-13.027,149.556,-88.389,-491.475,1,-1
221.015,-0.053,0.015,-0.053,0.796,0.57,-20.631,61.208,3.935,-603.016,1,-1
221.02,-0.047,0.028,-0.053,0.796,0.57,-20.631,61.208,3.935,-603.016,1,-1
221.024,-0.047,0.028,-0.053,0.752,0.491,-26.065,61.208,3.935,-603.016,0.931,-0.931
221.029,-0.072,0.016,-0.041,0.752,0.491,-26.065,61.208,3.935,-603.016,0.853,-0.853
221.034,-0.072,0.016,-0.041,0.769,0.263,-30.3,-20.539,48.778,-378.675,0.762,-0.762
221.038,-0.055,0.014,-0.045,0.769,0.263,-30.3,-20.539,48.778,-378.675,0.671,-0.671
221.043,-0.055,0.014,-0.045,0.769,0.263,-30.3,-20.539,48.778,-378.675,0.581,-0.581
221.047,-0.055,0.014,-0.043,0.874,0.176,-33.03,-20.539,48.778,-378.675,0.481,-0.481
221.052,-0.08,0.012,-0.043,0.874,0.176,-33.03,-20.539,48.778,15.074,0.382,-0.382
221.057,-0.08,0.012,-0.043,0.621,0.193,-33.528,28.712,26.621,15.074,0.282,-0.282
221.061,-0.076,0.012,-0.052,0.621,0.193,-33.528,28.712,26.621,15.074,0.181,-0.181
221.066,-0.076,0.012,-0.052,0.621,0.193,-32.111,28.712,26.621,15.074,0.085,-0.085
221.071,-0.078,0.02,-0.035,0.603,0.176,-32.111,28.712,26.621,15.074,0.011,0.011
221.075,-0.078,0.02,-0.035,0.603,0.176,-32.111,134.831,-50.404,126.615,0.108,0.108
221.08,-0.092,-0.002,-0.051,0.883,0.508,-29.775,134.831,-50.404,126.615,0.197,0.197
221.085,-0.092,-0.002,-0.051,0.883,0.508,-29.775,134.831,-50.404,126.615,0.286,0.286
221.089,-0.092,0.023,-0.041,0.411,0.123,-25.732,134.831,-50.404,126.615,0.364,0.364
221.094,-0.081,0.023,-0.041,0.411,0.123,-25.732,134.831,-68.342,-61.663,0.441,0.441
221.098,-0.081,0.023,-0.041,0.411,0.123,-20.307,242.98,-68.342,-61.663,0.502,0.502
221.103,-0.099,-0.002,-0.042,0.323,0.64,-20.307,242.98,-68.342,-61.663,0.563,0.563
221.108,-0.099,-0.002,-0.042,0.323,0.64,-20.307,242.98,-68.342,-61.663,0.624,0.624
221.112,-0.11,0.004,-0.043,0.122,1.305,-13.255,242.98,-68.342,-61.663,0.663,0.663
221.117,-0.11,0.004,-0.043,0.122,1.305,-13.255,439.477,-138.508,-254.135,0.703,0.703
221.122,-0.108,-0.004,-0.042,-0.036,0.928,-5.257,439.477,-138.508,-254.135,0.719,0.719
221.126,-0.108,-0.004,-0.042,-0.036,0.928,-5.257,439.477,-138.508,-254.135,0.735,0.735
221.131,-0.097,0.004,-0.036,-0.036,0.928,-5.257,439.477,-138.508,-254.135,0.75,0.75
221.135,-0.097,0.004,-0.036,-0.377,0.465,3.213,457.248,-199.179,-402.996,0.741,0.741
221.14,-0.097,0.004,-0.044,-0.377,0.465,3.213,457.248,-199.179,-402.996,0.731,0.731
221.145,-0.097,0.007,-0.044,-0.429,0.526,10.161,457.248,-199.179,-402.996,0.701,0.701
221.149,-0.097,0.007,-0.044,-0.429,0.526,10.161,457.248,-199.179,-402.996,0.67,0.67
221.154,-0.084,0.007,-0.036,-0.823,1.051,15.559,457.248,-199.179,-402.996,0.623,0.623
221.159,-0.084,0.007,-0.036,-0.823,1.051,15.559,201.853,-178.603,-415.576,0.577,0.577
221.163,-0.086,0.017,-0.037,-0.823,1.051,15.559,201.853,-178.603,-415.576,0.53,0.53
221.168,-0.086,0.017,-0.037,-0.744,0.675,19.462,201.853,-178.603,-415.576,0.472,0.472
221.172,-0.077,-0.001,-0.058,-0.744,0.675,19.462,201.853,-178.603,-415.576,0.413,0.413
221.177,-0.077,-0.001,-0.058,-1.016,1.007,21.492,50.545,-153.808,-405.093,0.349,0.349
221.182,-0.077,0.013,-0.045,-1.016,1.007,21.492,50.545,-153.808,-405.093,0.284,0.284
221.186,-0.076,0.013,-0.045,-1.016,0.902,22.104,50.545,-153.808,-405.093,0.218,0.218
221.191,-0.076,0.013,-0.045,-0.508,0.902,22.104,50.545,-153.808,-405.093,0.152,0.152
221.196,-0.066,0.015,-0.052,-0.508,0.902,22.104,50.545,-153.808,-405.093,0.085,0.085
221.2,-0.066,0.015,-0.052,-0.342,0.578,21.413,-46.434,-125.847,-498.184,0.021,0.021
221.205,-0.064,0.004,-0.047,-0.342,0.578,21.413,-46.434,-125.847,-498.184,0.043,-0.043
221.21,-0.064,0.004,-0.047,-0.351,0.561,19.217,-46.434,-125.847,-498.184,0.101,-0.101
221.214,-0.062,0.02,-0.039,-0.351,0.561,19.217,-46.434,-125.847,-498.184,0.158,-0.158
221.219,-0.062,0.02,-0.039,-0.351,0.561,16.146,-41.356,-84.169,-574.921,0.207,-0.207
221.223,-0.049,0.02,-0.05,-0.569,0.535,16.146,-41.356,-84.169,-574.921,0.255,-0.255
221.228,-0.049,0.02,-0.05,-0.569,0.535,16.146,-41.356,-84.169,-574.921,0.304,-0.304
221.233,-0.049,0.02,-0.031,-0.289,0.64,11.596,-41.356,-84.169,-574.921,0.338,-0.338
221.237,-0.058,0.014,-0.031,-0.289,0.64,11.596,-41.356,-84.169,-544.729,0.373,-0.373
221.242,-0.058,0.014,-0.031,-0.394,0.333,6.739,15.003,-8.727,-544.729,0.393,-0.393
221.247,-0.053,0.023,-0.052,-0.394,0.333,6.739,15.003,-8.727,-544.729,0.414,-0.414
221.251,-0.053,0.023,-0.052,-0.394,0.333,1.244,15.003,-8.727,-544.729,0.417,-0.417
221.256,-0.048,0.017,-0.055,-0.254,0.342,1.244,15.003,-8.727,-544.729,0.421,-0.421
221.261,-0.048,0.017,-0.055,-0.254,0.342,1.244,21.604,-86.279,-511.183,0.425,-0.425
221.265,-0.057,0.02,-0.036,0.253,0.587,-3.936,21.604,-86.279,-511.183,0.413,-0.413
221.27,-0.057,0.02,-0.036,0.253,0.587,-3.936,21.604,-86.279,-511.183,0.401,-0.401
221.274,-0.057,0.02,-0.048,0.524,0.788,-8.04,21.604,-86.279,-511.183,0.377,-0.377
221.279,-0.064,0.02,-0.048,0.524,0.788,-8.04,21.604,-86.279,-452.477,0.353,-0.353
221.283,-0.064,0.02,-0.048,0.524,0.788,-8.04,24.65,-110.02,-452.477,0.329,-0.329
221.288,-0.056,0.017,-0.053,0.384,0.43,-11.137,24.65,-110.02,-452.477,0.295,-0.295
221.293,-0.056,0.017,-0.053,0.384,0.43,-11.137,24.65,-110.02,-452.477,0.262,-0.262
221.297,-0.079,0.016,-0.045,0.463,0.64,-12.651,24.65,-110.02,-452.477,0.224,-0.224
221.302,-0.079,0.016,-0.045,0.463,0.64,-12.651,-74.36,-112.13,-366.096,0.186,-0.186
221.307,-0.069,0.012,-0.043,0.533,0.43,-13.307,-74.36,-112.13,-366.096,0.146,-0.146
221.311,-0.069,0.012,-0.043,0.533,0.43,-13.307,-74.36,-112.13,-366.096,0.106,-0.106
221.316,-0.083,0.018,-0.041,0.533,0.43,-13.307,-74.36,-112.13,-366.096,0.066,-0.066
221.32,-0.083,0.018,-0.041,0.096,0.062,-13.351,-74.36,-34.577,-160.206,0.026,-0.026
221.325,-0.083,0.018,-0.042,0.096,0.062,-13.351,-144.428,-34.577,-160.206,0.014,-0.014
221.33,-0.077,0.014,-0.042,0.183,-0.139,-12.213,-144.428,-34.577,-160.206,0.05,0.05
221.335,-0.077,0.014,-0.042,0.183,-0.139,-12.213,-144.428,-34.577,-160.206,0.087,0.087
221.339,-0.068,0.014,-0.039,0.183,-0.139,-10.35,-144.428,-34.577,-160.206,0.118,0.118
221.344,-0.068,0.014,-0.039,0.568,-0.139,-10.35,-100.255,13.959,-172.785,0.149,0.149
221.349,-0.072,0.002,-0.045,0.568,-0.139,-10.35,-100.255,13.959,-172.785,0.18,0.18
221.353,-0.072,0.002,-0.045,0.551,0.351,-7.383,-100.255,13.959,-172.785,0.202,0.202
221.358,-0.088,0.014,-0.047,0.551,0.351,-7.383,-100.255,13.959,-172.785,0.224,0.224
221.363,-0.088,0.014,-0.047,0.227,0.491,-4.443,-279.996,70.409,-366.515,0.238,0.238
221.367,-0.088,0.009,-0.05,0.227,0.491,-4.443,-279.996,70.409,-366.515,0.251,0.251
221.372,-0.083,0.009,-0.05,0.227,0.491,-1.355,-279.996,70.409,-366.515,0.255,0.255
221.376,-0.083,0.009,-0.05,-0.097,0.045,-1.355,-279.996,70.409,-366.515,0.259,0.259
221.381,-0.082,0.012,-0.038,-0.097,0.045,-1.355,-279.996,70.409,-366.515,0.263,0.263
221.386,-0.082,0.012,-0.038,-0.272,0.167,1.691,-438.412,97.842,-498.603,0.258,0.258
221.39,-0.084,0.013,-0.048,-0.272,0.167,1.691,-438.412,97.842,-498.603,0.253,0.253
221.395,-0.084,0.013,-0.048,-0.377,0.053,4.202,-438.412,97.842,-498.603,0.241,0.241
221.4,-0.081,0.015,-0.041,-0.377,0.053,4.202,-438.412,97.842,-498.603,0.228,0.228
221.404,-0.081,0.015,-0.041,-0.377,0.053,6.022,-334.325,26.621,-177.398,0.21,0.21
221.409,-0.069,0.017,-0.041,-0.438,0.421,6.022,-334.325,26.621,-177.398,0.192,0.192
221.414,-0.069,0.017,-0.041,-0.438,0.421,6.022,-334.325,26.621,-177.398,0.174,0.174
221.418,-0.069,0.017,-0.048,-0.123,0.543,7.693,-334.325,26.621,-177.398,0.151,0.151
221.423,-0.075,0.009,-0.048,-0.123,0.543,7.693,-334.325,66.716,-44.471,0.128,0.128
221.428,-0.075,0.009,-0.048,-0.176,0.377,7.728,-155.091,66.716,-44.471,0.104,0.104
221.433,-0.066,0.016,-0.043,-0.176,0.377,7.728,-155.091,66.716,-44.471,0.081,0.081
221.437,-0.066,0.016,-0.043,-0.176,0.377,7.684,-155.091,66.716,-44.471,0.058,0.058
221.442,-0.07,0.021,-0.043,-0.246,-0.043,7.684,-155.091,66.716,-44.471,0.035,0.035
221.447,-0.07,0.021,-0.043,-0.246,-0.043,7.684,-0.229,79.905,-223.105,0.012,0.012
221.451,-0.064,0.007,-0.048,-0.289,0.097,7.151,-0.229,79.905,-223.105,0.009,-0.009
221.456,-0.064,0.007,-0.048,-0.289,0.097,7.151,-0.229,79.905,-223.105,0.031,-0.031
221.46,-0.07,0.012,-0.041,-0.316,0.815,5.593,-0.229,79.905,-223.105,0.048,-0.048
221.465,-0.07,0.012,-0.041,-0.316,0.815,5.593,260.244,-18.223,-299.422,0.064,-0.064
221.47,-0.07,0.012,-0.053,-0.316,0.815,4.333,260.244,-18.223,-299.422,0.077,-0.077
221.474,-0.063,0.01,-0.053,-0.106,0.683,4.333,260.244,-18.223,-299.422,0.09,-0.09
221.479,-0.063,0.01,-0.053,-0.106,0.683,4.333,260.244,-18.223,-299.422,0.103,-0.103
221.484,-0.056,0.015,-0.04,-0.062,0.683,2.732,260.244,-18.223,-299.422,0.112,-0.112
221.488,-0.056,0.015,-0.04,-0.062,0.683,2.732,257.705,4.99,-334.227,0.12,-0.12
221.493,-0.071,0.027,-0.04,-0.587,0.753,0.816,257.705,4.99,-334.227,0.122,-0.122
221.498,-0.071,0.027,-0.04,-0.587,0.753,0.816,257.705,4.99,-334.227,0.125,-0.125
221.502,-0.067,0.016,-0.051,-0.587,0.753,0.816,257.705,4.99,-334.227,0.127,-0.127
221.507,-0.067,0.016,-0.051,-0.587,0.683,-1.048,139.908,74.629,-295.229,0.124,-0.124
221.511,-0.067,0.017,-0.051,-0.587,0.683,-1.048,139.908,74.629,-295.229,0.121,-0.121
221.516,-0.07,0.017,-0.051,-0.421,0.351,-2.081,139.908,74.629,-295.229,0.115,-0.115
221.52,-0.07,0.017,-0.051,-0.421,0.351,-2.081,139.908,74.629,-295.229,0.108,-0.108
221.525,-0.078,0.01,-0.029,-0.193,0.132,-3.297,139.908,74.629,-295.229,0.098,-0.098
221.53,-0.078,0.01,-0.029,-0.193,0.132,-3.297,-281.519,193.332,-259.586,0.089,-0.089
221.535,-0.071,0.01,-0.039,-0.193,0.132,-3.297,-281.519,193.332,-259.586,0.079,-0.079
221.539,-0.071,0.01,-0.039,0.034,-0.218,-3.708,-281.519,193.332,-259.586,0.068,-0.068
221.544,-0.078,0.013,-0.032,0.034,-0.218,-3.708,-281.519,193.332,-259.586,0.056,-0.056
221.548,-0.078,0.013,-0.032,0.157,0.193,-4.198,-270.857,121.583,-137.562,0.044,-0.044
221.553,-0.073,0.02,-0.042,0.157,0.193,-4.198,-270.857,121.583,-137.562,0.031,-0.031
221.557,-0.073,0.02,-0.042,0.157,0.561,-4.356,-270.857,121.583,-137.562,0.018,-0.018
221.562,-0.073,0.02,-0.04,0.113,0.561,-4.356,-270.857,121.583,-137.562,0.005,0.005
221.567,-0.07,0.01,-0.04,0.113,0.561,-4.356,-270.857,121.583,-182.43,0.008,0.008
221.571,-0.07,0.01,-0.04,0.446,0.386,-4.076,-12.923,-113.713,-182.43,0.02,0.02
221.576,-0.077,0.014,-0.045,0.446,0.386,-4.076,-12.923,-113.713,-182.43,0.032,0.032
221.581,-0.077,0.014,-0.045,0.034,0.403,-3.428,-12.923,-113.713,-182.43,0.043,0.043
221.585,-0.071,0.017,-0.045,0.034,0.403,-3.428,-12.923,-113.713,-182.43,0.053,0.053
221.59,-0.071,0.017,-0.045,0.034,0.403,-2.238,127.723,-242.439,-472.605,0.06,0.06
221.595,-0.083,0.018,-0.033,-0.324,0.167,-2.238,127.723,-242.439,-472.605,0.066,0.066
221.599,-0.083,0.018,-0.033,-0.324,0.167,-2.238,127.723,-242.439,-472.605,0.073,0.073
221.604,-0.083,0.011,-0.036,-0.368,0.272,-1.398,127.723,-242.439,-472.605,0.077,0.077
221.608,-0.082,0.011,-0.036,-0.368,0.272,-1.398,127.723,-232.415,-621.886,0.082,0.082
221.613,-0.082,0.011,-0.036,-0.246,0.237,-0.199,282.077,-232.415,-621.886,0.082,0.082
221.618,-0.074,0.018,-0.04,-0.246,0.237,-0.199,282.077,-232.415,-621.886,0.083,0.083
221.622,-0.074,0.018,-0.04,-0.246,0.237,0.614,282.077,-232.415,-621.886,0.081,0.081
221.627,-0.078,0.018,-0.051,-0.001,0.552,0.614,282.077,-232.415,-621.886,0.079,0.079
221.632,-0.078,0.018,-0.051,-0.001,0.552,0.614,520.716,-157.501,-643.271,0.077,0.077
221.636,-0.07,0.009,-0.036,-0.132,0.631,0.991,520.716,-157.501,-643.271,0.074,0.074
221.641,-0.07,0.009,-0.036,-0.132,0.631,0.991,520.716,-157.501,-643.271,0.071,0.071
221.646,-0.077,0.009,-0.045,-0.254,0.29,1.358,520.716,-157.501,-643.271,0.067,0.067
221.65,-0.077,0.009,-0.045,-0.254,0.29,1.358,718.737,-223.974,-800.1,0.063,0.063
221.655,-0.077,0.009,-0.042,-0.254,0.29,1.358,718.737,-223.974,-800.1,0.059,0.059
221.659,-0.067,0.017,-0.042,-0.351,0.08,1.761,718.737,-223.974,-800.1,0.054,0.054
221.664,-0.067,0.017,-0.042,-0.351,0.08,1.761,718.737,-223.974,-800.1,0.048,0.048
221.669,-0.072,0.013,-0.054,-0.228,0.202,1.927,718.737,-223.974,-800.1,0.043,0.043
221.673,-0.072,0.013,-0.054,-0.228,0.202,1.927,583.677,-283.589,-822.744,0.037,0.037
221.678,-0.077,0.012,-0.05,-0.123,0.018,1.892,583.677,-283.589,-822.744,0.031,0.031
221.683,-0.077,0.012,-0.05,-0.123,0.018,1.892,583.677,-283.589,-822.744,0.026,0.026
221.687,-0.072,0.016,-0.047,-0.123,0.018,1.892,583.677,-283.589,-822.744,0.02,0.02
221.692,-0.072,0.016,-0.047,-0.097,-0.113,1.612,399.366,-254.573,-535.085,0.015,0.015
221.697,-0.072,0.02,-0.045,-0.097,-0.113,1.612,399.366,-254.573,-535.085,0.01,0.01
221.701,-0.072,0.02,-0.045,-0.473,0.115,1.349,399.366,-254.573,-535.085,0.006,0.006
221.706,-0.072,0.02,-0.045,-0.473,0.115,1.349,399.366,-254.573,-535.085,0.002,0.002
221.71,-0.068,0.012,-0.042,-0.473,0.377,0.912,399.366,-254.573,-535.085,0.001,0.001
221.715,-0.068,0.012,-0.042,-0.272,0.377,0.912,334.374,-187.572,-548.084,0.003,-0.003
221.72,-0.071,0.014,-0.042,-0.272,0.377,0.912,334.374,-187.572,-548.084,0.006,-0.006
221.725,-0.071,0.014,-0.042,-0.333,0.535,0.404,334.374,-187.572,-548.084,0.007,-0.007
221.729,-0.07,0.014,-0.044,-0.333,0.535,0.404,334.374,-187.572,-548.084,0.008,-0.008
221.734,-0.07,0.014,-0.044,-0.176,0.351,-0.024,150.571,-10.309,-616.015,0.008,-0.008
221.738,-0.068,0.018,-0.034,-0.176,0.351,-0.024,150.571,-10.309,-616.015,0.008,-0.008
221.743,-0.068,0.018,-0.034,-0.176,0.351,-0.34,150.571,-10.309,-616.015,0.007,-0.007
221.747,-0.068,0.018,-0.044,-0.141,0.246,-0.34,150.571,-10.309,-616.015,0.006,-0.006
221.752,-0.072,0.007,-0.044,-0.141,0.246,-0.34,150.571,-10.309,-647.884,0.005,-0.005
221.757,-0.072,0.007,-0.044,-0.167,0.587,-1.048,152.094,126.331,-647.884,0.002,-0.002
221.761,-0.068,0.015,-0.042,-0.167,0.587,-1.048,152.094,126.331,-647.884,0.001,0.001
221.766,-0.068,0.015,-0.042,-0.044,0.307,-1.136,152.094,126.331,-647.884,0.004,0.004
221.771,-0.072,0.018,-0.035,-0.044,0.307,-1.136,152.094,126.331,-647.884,0.008,0.008
221.775,-0.072,0.018,-0.035,-0.044,0.307,-0.882,310.003,42.448,-641.175,0.01,0.01
221.78,-0.072,0.015,-0.054,-0.421,0.132,-0.882,310.003,42.448,-641.175,0.013,0.013
221.785,-0.072,0.015,-0.054,-0.421,0.132,-0.882,310.003,42.448,-641.175,0.016,0.016
221.789,-0.072,0.012,-0.045,-0.272,0.535,-0.418,310.003,42.448,-641.175,0.017,0.017
221.794,-0.07,0.012,-0.045,-0.272,0.535,-0.418,310.003,177.505,-470.928,0.018,0.018
221.798,-0.07,0.012,-0.045,-0.482,0.298,-0.331,256.182,127.914,-470.928,0.019,0.019
221.803,-0.081,0.02,-0.053,-0.482,0.298,-0.331,256.182,127.914,-470.928,0.02,0.02
221.808,-0.081,0.02,-0.053,-0.482,0.298,-0.331,256.182,127.914,-470.928,0.021,0.021
221.812,-0.072,0.016,-0.051,-0.193,0.333,-0.462,256.182,127.914,-470.928,0.023,0.023
221.817,-0.072,0.016,-0.051,-0.193,0.333,-0.462,298.832,230.789,-397.126,0.024,0.024
221.822,-0.071,0.02,-0.058,-0.219,0.123,-0.226,298.832,230.789,-397.126,0.025,0.025
221.826,-0.071,0.02,-0.058,-0.219,0.123,-0.226,298.832,230.789,-397.126,0.025,0.025
221.831,-0.065,0.012,-0.037,-0.158,0.552,-0.051,298.832,230.789,-397.126,0.026,0.026
221.836,-0.065,0.012,-0.037,-0.158,0.552,-0.051,454.202,101.535,-516.215,0.026,0.026
221.84,-0.065,0.012,-0.04,-0.158,0.552,-0.051,454.202,101.535,-516.215,0.026,0.026
221.845,-0.066,0.016,-0.04,-0.009,0.981,-0.488,454.202,101.535,-516.215,0.027,0.027
221.849,-0.066,0.016,-0.04,-0.009,0.981,-0.488,454.202,101.535,-516.215,0.029,0.029
221.854,-0.07,0.02,-0.038,-0.622,0.946,-0.462,454.202,101.535,-516.215,0.03,0.03
221.859,-0.07,0.02,-0.038,-0.622,0.946,-0.462,534.933,-26.664,-530.892,0.032,0.032
221.863,-0.07,0.02,-0.051,-0.622,0.473,-0.077,534.933,-26.664,-530.892,0.032,0.032
221.868,-0.07,0.02,-0.051,-0.167,0.473,-0.077,534.933,-26.664,-530.892,0.032,0.032
221.873,-0.076,0.015,-0.04,-0.167,0.473,-0.077,534.933,-26.664,-530.892,0.032,0.032
221.877,-0.076,0.015,-0.04,-0.219,0.158,0.081,121.122,59.857,-462.96,0.032,0.032
221.882,-0.076,-1.174,-0.364,-0.219,0.158,0.081,121.122,59.857,-462.96,0.032,0.032
221.886,0.738,-1.174,-0.364,14.839,6.03,-0.952,121.122,59.857,-462.96,0.035,0.035
221.891,0.738,-1.174,-0.364,14.839,6.03,-0.952,121.122,59.857,-462.96,0.037,0.037
221.896,0.198,1.254,-3.002,14.839,6.03,-4.4,121.122,59.857,-462.96,0.051,0.051
